{
    "education PROMOTES income": 0.0005161457811482251,
    "education INHIBITS income": 0.0004498149792198092,
    "education DOES_NOT_PROMOTE income": 0.0036508317571133375,
    "education DOES_NOT_INHIBIT income": 0.0018296359339728951,
    "income PROMOTES education": 0.0015862255822867155,
    "income INHIBITS education": 0.0010163591941818595,
    "income DOES_NOT_PROMOTE education": 0.0005807646666653454,
    "income DOES_NOT_INHIBIT education": 0.0010872345883399248
}