{
    "education PROMOTES stability": 0.0005161457811482251,
    "education DOES_NOT_PROMOTE stability": 0.0036508317571133375,
    "education INHIBITS stability": 0.0004498149792198092,
    "education DOES_NOT_INHIBIT stability": 0.0018296359339728951
}